,doc_id,sentence_id,sentence_text,sno
0,-100047078,0,"['6.1.4', 'Workforce', 'shortages', 'The', 'effort', 'to', 'expand', 'production', 'capacity', 'to', 'be', 'able', 'to', 'treat', 'COVID-19', 'patients', 'has', 'been', 'accompanied', 'by', 'the', 'need', 'to', 'stop', 'most', 'elective', 'health', 'care', 'activities', 'and', 'shift', 'personnel', 'to', 'the', 'acute', 'and', 'intensive', 'care', 'of', 'COVID-19', 'patients', '.']",1
1,-100047078,1,"['This', 'has', 'meant', 'also', 'increasing', 'working', 'hours', 'and', 'length', 'of', 'shifts', 'for', 'medical', 'and', 'nursing', 'staff', 'on', 'duty', '.']",2
2,-100047078,2,"['The', 'emergency', 'magnified', ',', 'therefore', ',', 'all', 'the', 'negative', 'consequences', 'of', 'the', 'extensive', 'underfunding', 'of', 'the', 'Italian', 'health', 'care', 'system', 'and', 'of', 'the', 'stop', 'in', 'workforce', 'turnover', '.']",3
3,-100047078,3,"['Italy', ',', 'as', 'many', 'other', 'OECD', 'countries', ',', 'had', 'been', 'suffering', 'from', 'both', 'workforce', 'shortages', 'in', 'the', 'health', 'care', 'sector', '(', 'CERGAS', 'Bocconi', ',', '2019', ')', 'and', 'an', 'ageing', 'medical', 'workforce', '(', 'OECD', ',', '2019', ')', 'for', 'some', 'time', '.']",4
4,-100047078,4,"['According', 'to', 'the', 'OECD', 'Health', 'at', 'a', 'Glance', 'Indicators', '(', 'OECD', ',', '2019', ')', ',', 'in', '2017', 'Italy', 'had', 'the', 'largest', 'share', '(', '55', 'vs', '34', '%', 'OECD', 'average', ')', 'of', 'medical', 'doctors', 'aged', '55', 'and', 'over', 'among', 'all', 'OECD', 'countries', '-', 'a', 'share', 'which', 'increased', 'by', '36', '%', 'between', '2000', 'and', '2017', '.']",5
5,-100047078,5,"['However', ',', 'the', 'issue', 'of', 'workforce', 'shortages', 'is', 'especially', 'true', 'in', 'the', 'case', 'of', 'nurses', '.']",6
6,-100047078,6,"['Italy', 'has', 'in', 'fact', 'fewer', 'nurses', 'than', 'nearly', 'all', 'western', 'European', 'countries', '(', 'excluding', 'Spain', ')', ',', 'with', '5.8', 'nurses', 'per', '1000', 'population', 'compared', 'to', 'the', 'European', 'average', 'of', '8.5', '.']",7
7,-100047078,7,"['And', 'while', 'Italy', 'fares', 'better', 'compared', 'to', 'their', 'European', 'peers', 'in', 'terms', 'of', 'medical', 'professionals', '(', '4.0', 'doctors', 'per', '1000', 'population', 'compared', 'with', 'the', 'EU', 'average', 'of', '3.6', ')', ',', 'Italy', 'has', 'the', 'lowest', 'doctor-to-nurse', 'ratio', 'in', 'the', 'OECD', '(', '1.4', 'nurses', 'per', 'doctor', ')', '(', 'OECD', '/', 'European', 'Observatory', 'on', 'Health', 'Systems', 'and', 'Policies', ',', '2019', ')', '.']",8
8,-100047078,8,"['Despite', 'recent', 'attempts', 'by', 'the', 'Italian', 'government', 'to', 'address', 'this', 'imbalance', 'through', 'increasing', 'the', 'number', 'of', 'students', 'training', 'to', 'become', 'nurse', '(', 'the', 'number', 'increased', 'to', '13,000', 'in', '2014', 'from', 'a', 'low', '3100', ')', ',', 'the', 'COVID-19', 'crisis', 'has', 'heightened', 'the', 'shortage', 'of', 'health', 'care', 'professionals', 'suffered', 'by', 'the', 'SSN', ',', 'with', 'a', 'pre-COVID-19', 'incidence', 'of', 'medical', 'personnel', 'of', 'about', '95', 'workers', 'per', '10,000', 'inhabitants', '(', '57', 'nurses', ',', '19', 'doctors', 'and', '19', 'other', 'technical', 'staff', ')', '.']",9
9,-100047078,9,"['The', 'shortage', 'of', 'nurses', 'and', 'medical', 'doctors', 'front', 'lining', 'the', 'emergency', 'response', ',', 'also', 'in', 'light', 'of', 'the', 'high', 'number', 'of', 'nurses', 'and', 'medical', 'professionals', 'testing', 'positive', 'to', 'COVID-19', '(', 'Bellizzi', 'et', 'al', '.,', '2020', ')', ',', 'forced', 'the', 'Government', 'to', 'introduce', 'several', 'measures', '(', 'DL', ',', '2020a', ',', '2020b', ';', 'DPCM', ',', '2020b', ')', 'in', 'order', 'to', 'face', 'the', 'rapidly', 'rising', 'demand', 'of', 'extra', 'medical', 'and', 'other', 'health', 'care', 'personnel', '.']",10
10,-100047078,10,"['These', 'measures', 'included', 'inter-regional', 'redistribution', 'of', 'health', 'care', 'personnel', ',', 'the', 're-hiring', 'of', 'retired', 'medics', ',', 'nurses', 'and', 'other', 'health', 'care', 'professionals', ',', 'the', 'creation', 'of', 'faster', 'recruitment', 'tracks', ',', 'the', 'possibility', 'to', 'employ', 'personnel', 'on', 'a', 'freelance', 'basis', ',', 'the', 'hiring', 'of', '20,000', 'health', 'care', 'professionals', '(', '3.5', '%', 'growth', 'in', 'the', 'health', 'workforce', ')', ':', 'the', 'new', 'hires', 'comprised', 'of', 'more', 'than', '4300', 'additional', 'medical', 'doctors', ',', 'mainly', 'anaesthesiologists', ';', 'around', '9700', 'nurses', ';', 'and', '6000', 'other', 'health', 'care', 'professionals', ',', 'mainly', 'technical', 'personnel', '(', 'Aimone', 'Gigio', 'et', 'al', '.,', '2020', ')', '.']",11
11,-100047078,11,"['Further', 'measures', 'included', 'the', 'allocation', 'of', '250', 'million', 'EUR', 'to', 'pay', 'for', 'staff', 'overtime', ',', 'the', 'possibility', 'for', 'health', 'care', 'facilities', 'to', 'postpone', 'retirement', 'for', 'eligible', 'staff', ',', 'the', 'possibility', 'for', 'retired', 'doctors', 'and', 'nurses', 'to', 'return', 'to', 'practice', 'on', 'a', 'voluntary', 'basis', '(', 'in', 'the', 'peak', 'of', 'the', 'crisis', 'in', 'https://doi.org/10.1017/S1744133121000141', 'Published', 'online', 'by', 'Cambridge', 'University', 'Press', '.']",12
12,-1045735558,0,"['1Business', 'School', ',', 'University', 'of', 'Edinburgh', ',', 'Edinburgh', ',', 'UK', ',', '2Centre', 'for', 'Health', 'Economics', ',', 'University', 'of', 'York', ',', 'York', ',', 'UK', ',', '3Population', 'Health', 'Science', 'Institute', ',', 'Newcastle', 'University', ',', 'Newcastle', 'Upon', 'Tyne', ',', 'UK', ',', '4sda', 'Bocconi', 'School', 'of', 'Management', ',', 'Bocconi', 'University', ',', 'Milano', ',', 'Italy', ',', '5Department', 'of', 'Social', 'and', 'Political', 'Sciences', ',', 'Bocconi', 'University', ',', 'Milano', ',', 'Italy', ',', '6Department', 'of', 'Psychological', 'and', 'Behavioural', 'Science', ',', 'LSE', ',', 'London', ',', 'UK', ',', '7Local', 'Health', 'Authority', 'of', 'Parma', ',', 'Parma', ',', 'Italy', ',', '8Department', 'of', 'Economics', ',', 'University', 'of', 'Perugia', ',', 'Perugia', ',', 'Italy', ',', '9Department', 'of', 'Juridical', 'and', 'Economic', 'Studies', ',', 'La', 'Sapienza', 'University', 'of', 'Rome', ',', 'Rome', ',', 'Italy', 'and', '10Department', 'of', 'Embeds', ',', 'Management', 'and', 'Health', 'Lab', ',', 'Institute', 'of', 'Management', ',', ""Sant'Anna"", 'Advanced', 'School', 'of', 'Pisa', ',', 'Pisa', ',', 'Italy', '*', 'corresponding', 'author', '.']",13
13,-1045735558,1,"['Email', ':', 'Adriana.castelli@york.ac.uk', '.']",14
14,-1113525426,0,"['Nuti', 'S', ',', 'Vola', 'F', ',', 'Bonini', 'A', 'and', 'Vainieri', 'M', '(', '2016', ')', 'Making', 'governance', 'work', 'in', 'the', 'health', 'care', 'sector', ':', 'evidence', 'from', 'a', ""'"", 'natural', 'experiment', ""'"", 'in', 'Italy', '.']",15
15,-1113525426,1,"['Health', 'Economics', 'Policy', 'and', 'Law', '11', ',', '17-38', '.']",16
16,-1113525426,2,"['OECD', '(', '2019', ')', 'health', 'at', 'a', 'glance', '2019', 'OECD', 'indicators', '.']",17
17,-1113525426,3,"['Paris', ':', 'OECD', 'publishing', '.']",18
18,-1113525426,4,"['Https://doi.org/10.1787/4dd50c09-en', 'OECD', '/', 'European', 'Observatory', 'on', 'Health', 'Systems', 'and', 'Policies', '(', '2019', ')', 'Italy', ':', 'Country', 'Health', 'Profile', '2019', '.']",19
19,-1113525426,5,"['State', 'of', 'Health', 'in', 'the', 'EU', '.']",20
20,-1113525426,6,"['OECD', 'publishing', ',', 'Paris', '/', 'European', 'Observatory', 'on', 'health', 'systems', 'and', 'policies', ',', 'Brussels', ',', 'Https://doi.org/10.1787/', 'Cef1e5cb-en', '.']",21
21,-1113525426,7,"['Oliveira', 'Hashiguchi', 'TC', '(', '2020', ')', 'Bringing', 'health', 'care', 'to', 'the', 'patient', ':', 'An', 'overview', 'of', 'the', 'use', 'of', 'telemedicine', 'in', 'OECD', 'countries', '.']",22
22,-1113525426,8,"['OECD', 'health', 'working', 'papers', '.']",23
23,-1113525426,9,"['Paris', ':', 'OECD', '.']",24
24,-1113525426,10,"['Palladino', 'A', '(', '2020', ')', 'Coronavirus', 'linee', 'guida', 'vecchie', 'e', 'fondi', 'spesi', 'male', '.']",25
25,-1113525426,11,"['Cosi', 'il', 'piano', 'pandemico', ""dell'Italia"", 'e', 'and', 'ato', 'in', 'tilt', '(', 'access', 'limited', 'to', 'subscribers', ')', '.']",26
26,-1113525426,12,"['La', 'Stampa', '.']",27
27,-1113525426,13,"['Petracca', 'F', ',', 'Ciani', 'O', ',', 'Cucciniello', 'M', 'and', 'Tarricone', 'R', '(', '2020', ')', 'Harnessing', 'digital', 'health', 'technologies', 'during', 'and', 'after', 'the', 'COVID-19', 'pandemic', ':', 'context', 'matters', '.']",28
28,-1113525426,14,"['Journal', 'of', 'Medical', 'Internet', 'Research', '22', '(', '12', ')', '.']",29
29,-1113525426,15,"['Doi', ':', '10.2196', '/', '21815', '.']",30
30,-1113525426,16,"['Piacenza', 'M', 'and', 'Turati', 'G', '(', '2014', ')', 'Does', 'fiscal', 'discipline', 'towards', 'subnational', 'governments', 'affect', 'citizens', ""'"", 'well-being', '?']",31
31,-1113525426,17,"['Evidence', 'on', 'health', '.']",32
32,-1113525426,18,"['Health', 'Economics', '23', ',', '199-224', '.']",33
33,-1113525426,19,"['Pisano', 'GP', ',', 'Sadun', 'R', 'and', 'Z', 'M', '(', '2020', ')', 'lessons', 'from', 'Italy', ""'s"", 'response', 'to', 'coronavirus', '.']",34
34,-1113525426,20,"['Harvard', 'Business', 'review', '.']",35
35,-1113525426,21,"['Puente', 'D', '(', '2020', ')', 'coronavirus', '.']",36
36,-1113525426,22,"['Il', 'servizio', 'di', 'report', 'e', 'il', 'Pdf', 'del', 'piano', 'pandemico', 'mai', 'aggiornato', 'dal', '2006', '.']",37
37,-1113525426,23,"['Open', '.']",38
38,-1113525426,24,"['Quotidianosanita.IT', '(', '2020', ')', 'Passata', ""l'emergenza"", 'Covid', '19', 'bisognera', 'riprogrammare', '410', 'mila', 'interventi', 'chirurgici', '.']",39
39,-1113525426,25,"['E', 'le', 'liste', ""d'attesa"", 'rischiano', 'di', 'raddoppiare', '.']",40
40,-1113525426,26,"['Quotidianosanita.it', ',', '27/05/2020', '.']",41
41,-1113525426,27,"['Ravizza', 'S', '(', '2020', ')', 'Coronavirus', ',', 'la', 'strage', 'nelle', 'Rsa', ':', 'sette', 'cose', 'che', 'non', 'hanno', 'funzionato', '.']",42
42,-1113525426,28,"['Corriere', 'Della', 'Sera', '.']",43
43,-1113525426,29,"['Remuzzi', 'A', 'and', 'Remuzzi', 'G', '(', '2020', ')', 'Covid-19', 'and', 'Italy', ':', 'What', 'next', '?']",44
44,-1113525426,30,"['The', 'Lancet', '395', ',', '1225-1228', '.']",45
45,-1113525426,31,"['Rosenbaum', 'L', '(', '2020', ')', 'The', 'untold', 'toll', '-', 'The', 'pandemic', ""'s"", 'effects', 'on', 'patients', 'without', 'COVID-19', '.']",46
46,-1113525426,32,"['New', 'England', 'Journal', 'of', 'Medicine', '382', ',', '2368-2371', '.']",47
47,-1113525426,33,"['Schrag', 'D', ',', 'Hershman', 'DL', 'and', 'Basch', 'E', '(', '2020', ')', 'oncology', 'practice', 'during', 'the', 'Covid-19', 'pandemic', '.']",48
48,-1113525426,34,"['Jama', '323', ',', '2005-2006', '.']",49
49,-1113525426,35,"['Serra', 'M', '(', '2020', ')', 'Lombardia', ',', 'morti', 'sospette', 'nelle', 'case', 'di', 'riposo', ':', 'perquisizioni', ',', 'sequestri', 'e', 'nuovi', 'filoni', 'di', 'indagine', '.']",50
50,-1113525426,36,"['La', 'Stampa', ',', '24/04/2020', '.']",51
51,-1113525426,37,"['WHO', '(', '2020', ')', 'WHO', 'checklist', 'for', 'influenza', 'pandemic', 'preparedness', 'planning', '[', 'Online', ']', '.']",52
52,-1113525426,38,"['Available', 'at', 'https://www.who.int/influenza/resources/documents/FluCheck6web.pdf?ua=1', '.']",53
53,-1208164903,0,"['(', 'received', '23', 'December', '2020', ';', 'revised', '3', 'February', '2021', ';', 'accepted', '9', 'February', '2021', ';', 'first', 'published', 'online', '5', 'March', '2021', ')', '.']",54
54,-1327112294,0,"['6.1.3', 'PPEs', 'and', 'medical', 'devices', 'PPE', ',', 'tests', ',', 'contact', 'tracing', 'and', 'other', 'medical', 'devices', 'have', 'been', 'essential', 'for', 'enabling', 'an', 'effective', 'response', 'and', 'an', 'efficient', 'prevention', 'of', 'the', 'spread', '.']",55
55,-1327112294,1,"['Since', 'the', 'start', 'of', 'the', 'outbreak', ',', 'the', 'Civil', 'Protection', 'Department', 'has', 'been', 'coordinating', 'the', 'procurement', 'and', 'distribution', 'of', 'their', 'supplies', 'to', 'the', 'regions', '.']",56
56,-1327112294,2,"['Despite', 'an', 'initial', 'dramatic', 'shortage', 'in', 'PPEs', 'and', 'other', 'devices', ',', '52', 'contracts', 'with', 'national', 'and', 'international', 'sellers', 'were', 'activated', ',', 'for', 'a', 'total', 'amount', 'of', 'about', '357', 'million', 'EUR', ',', 'to', 'buy', '350', '+', 'million', 'masks', ',', '7.2', '+', 'million', 'gloves', ',', '107,000', '+', 'protective', 'suits', ',', '100,000', '+', 'protective', 'https://doi.org/10.1017/S1744133121000141', 'Published', 'online', 'by', 'Cambridge', 'University', 'Press', 'https://doi.org/10.1017/S1744133121000141', 'Published', 'online', 'by', 'Cambridge', 'University', 'Press', '.']",57
57,-1372090529,0,"['A', 'R', 'T', 'i', 'C', 'L', 'E', '.']",58
58,-1446668945,0,"['Health', 'economics', ',', 'policy', 'and', 'Law', '13', '.']",59
59,-1468384437,0,"['The', 'surge', 'of', 'COVID-19', 'patients', 'who', 'required', 'medical', 'care', ',', 'and', 'specifically', 'intensive', 'care', ',', 'has', 'led', 'almost', 'everywhere', 'to', 'a', 'rapid', 'and', 'extensive', 'reprogramming', 'of', 'health', 'care', 'service', 'delivery', '(', 'Remuzzi', 'and', 'Remuzzi', ',', '2020', ')', '.']",60
60,-1468384437,1,"['Most', 'regional', 'health', 'care', 'systems', 'have', 'seen', 'the', 'capacity', 'to', 'treat', 'surgical', 'patients', 'decrease', 'dramatically', 'because', 'of', 'the', 'reallocation', 'of', 'resources', 'to', 'the', 'pandemic', 'response', ',', 'and', 'following', 'government', ""'s"", 'advice', 'to', 'suspend', 'all', 'non', 'urgent', 'elective', 'surgery', '(', 'Mayol', 'and', 'Fernandez', 'Perez', ',', '2020', ')', '.']",61
61,-1468384437,2,"['In', 'Italy', ',', 'it', 'has', 'been', 'estimated', 'that', 'a', 'weekly', 'total', 'of', '50,552', 'operations', 'have', 'been', 'cancelled', 'over', 'the', '12-week', 'period', 'of', 'peak', 'disruption', '.']",62
62,-1468384437,3,"['Figures', 'about', 'cancellation', 'rates', 'have', 'been', 'placed', 'at', 'over', '90', '%', 'for', 'benign', 'surgeries', '(', 'e.g.', 'hip', 'and', 'knee', 'replacements', ')', ',', 'and', 'between', '20', 'and', '29', '%', 'for', 'obstetrics', 'and', 'cancer', 'surgery', '(', 'CovidSurg', 'Collaborative', ',', '2020', ')', '.']",63
63,-1468384437,4,"['Similarly', ',', 'outpatient', 'procedures', 'have', 'been', 'put', 'on', 'hold', 'to', 'free', 'up', 'staff', 'and', 'resources', 'to', 'cope', 'with', 'COVID-19', 'patients', '.']",64
64,-1468384437,5,"['People', 'with', 'chronic', 'diseases', 'faced', 'changes', 'in', 'their', 'usual', 'standards', 'of', 'care', 'and', 'protocols', '(', 'Kohli', 'and', 'Virani', ',', '2020', ';', 'Schrag', 'et', 'al', '.,', '2020', ')', '.']",65
65,-1520920051,0,"['6.2', 'demand-side', 'considerations', '.']",66
66,-164212023,0,"['glasses', ',', '2500', '+', 'mechanical', 'ventilators', 'and', '400', 'oxygen', 'flow-meters', '(', 'Dipartimento', 'della', 'Protezione', 'Civile', ',', '2020', ')', '.']",67
67,-164212023,1,"['Tenders', 'were', 'launched', 'and', 'adjudicated', 'in', 'record', 'time', 'thanks', 'to', 'all', 'stakeholders', 'involved', 'working', 'around', 'the', 'clock', '.']",68
68,-164212023,2,"['In', 'addition', 'to', 'national', 'supplies', ',', 'regions', ',', 'local', 'administrations', 'and', 'hospitals', 'have', 'also', 'proceeded', 'to', 'direct', 'purchases', 'or', 'procurement', 'of', 'these', 'goods', 'through', 'other', 'channels', '(', 'e.g.', 'donations', ')', '.']",69
69,-1657241027,0,"['8', 'Iris', 'Bosa', 'et', 'al.']",70
70,-1657329247,0,"['6.1.2', 'Hospital', 'facilities', 'and', 'ICU', 'beds', 'One', 'of', 'the', 'key', 'bottlenecks', 'of', 'the', 'recent', 'COVID-19', 'crisis', 'has', 'been', 'the', 'lack', 'of', 'adequate', 'ICU', 'facilities', '.']",71
71,-1657329247,1,"['The', 'total', 'number', 'of', 'ICU', 'beds', 'available', 'in', 'the', 'SSN', 'was', 'increased', 'by', 'almost', '65', '%', 'during', 'the', 'acute', 'phase', 'of', 'the', 'response', ',', 'equivalent', 'to', 'about', '3360', 'additional', 'beds', ',', 'from', 'around', '5300', 'in', '2018', '(', 'Aimone', 'Gigio', 'et', 'al', '.,', '2020', ')', '.']",72
72,-1657329247,2,"['A', 'further', '30', '%', 'expansion', '(', 'almost', '2400', 'beds', ')', 'to', 'the', 'already', 'expanded', 'ICU', 'bed', 'numbers', 'has', 'been', 'planned', '(', 'April', '2020', ')', 'which', ',', 'if', 'completed', ',', 'will', 'result', 'in', 'a', 'more', 'than', 'doubled', 'overall', 'pre-pandemic', 'capacity', '.']",73
73,-1657329247,3,"['The', 'growth', 'in', 'the', 'number', 'of', 'ICU', 'beds', 'applied', 'to', 'all', 'regions', ',', 'but', 'not', 'homogenously', ',', 'as', 'their', 'needs', 'were', 'dependent', 'on', 'the', 'epidemiological', 'development', 'and', 'severity', 'of', 'the', 'COVID-19', 'outbreak', 'in', 'each', 'region', '.']",74
74,-1657329247,4,"['The', 'most', 'recent', 'increases', 'in', 'the', 'number', 'and', 'locations', 'of', 'COVID-19', 'infections', 'have', 'highlighted', 'how', 'the', 'virus', 'has', 'travelled', 'across', 'the', 'whole', 'length', 'of', 'the', 'Italian', 'peninsula', ',', 'facilitated', 'by', 'the', 'easing', 'of', 'the', 'restrictions', 'on', 'movement', 'and', 'the', 'summer', 'holiday', 'season', '.']",75
75,-1657329247,5,"['This', 'has', 'brought', 'to', 'the', 'fore', 'that', ',', 'despite', 'the', 'recent', 'efforts', 'in', 'increasing', 'ICU', 'capacity', ',', 'this', 'bottleneck', 'still', 'remains', 'a', 'critical', 'issue', 'in', 'areas', 'previously', 'not', 'affected', '.']",76
76,-1675118546,0,"['The', 'first', 'wave', 'of', 'the', 'COVID-19', 'outbreak', 'and', 'related', 'deaths', 'were', 'mainly', 'concentrated', 'in', 'the', 'northern', 'regions', ',', 'the', 'second', 'wave', 'has', 'spread', 'more', 'widely', 'geographically', ',', 'facilitated', 'by', 'the', 'easing', 'of', 'the', 'lockdown', 'restrictions', ',', 'especially', 'on', 'movement', ',', 'implemented', 'in', 'June', 'and', 'subsequent', 'summer', 'holidays', '.']",77
77,-1675118546,1,"['Current', 'government', 'instructions', 'are', 'based', 'on', 'a', 'three-tier', 'regional', 'risk', 'assessment', '.']",78
78,-1675118546,2,"['At', 'the', 'time', 'of', 'writing', ',', 'Italy', 'was', 'still', 'experiencing', 'a', 'daily', 'rise', 'of', 'COVID-19', 'cases', 'and', 'related', 'deaths', ',', 'which', 'led', 'to', 'the', 're-introduction', 'of', 'movement', 'restrictions', ',', 'curfews', 'and', 'early', 'daily', 'closures', 'of', 'businesses', '.']",79
79,-1675118546,3,"['When', 'and', 'how', 'these', 'restrictions', 'will', 'impact', 'curbing', 'and', 'flattening', 'the', 'curve', 'is', 'a', 'question', 'that', 'cannot', 'be', 'answered', 'yet', '.']",80
80,-1675118546,4,"['The', 'COVID-19', 'pandemic', 'has', 'hit', 'the', 'country', 'after', 'years', 'of', 'strict', 'spending', 'reviews', 'and', 'severe', 'cost', 'containment', 'measures', '(', 'at', 'least', 'since', 'the', '2008', 'economic', 'crisis', ')', '.']",81
81,-1675118546,5,"['These', 'have', 'cut', 'down', 'resources', 'to', 'the', 'health', 'system', 'and', 'hospital', 'capacity', ',', 'with', 'said', 'cost-containment', 'measures', 'shifting', 'de', 'facto', 'the', 'burden', 'of', 'health', 'care', 'finance', 'from', 'national', 'and', 'regional', 'governments', 'to', 'households', '(', 'e.g.', 'increasing', 'user', 'charges', ')', ',', 'and', 'setting', 'tighter', 'budget', 'constraints', 'for', 'pharmaceutical', 'public', 'expenditure', ',', 'in', 'a', 'context', 'of', 'increasing', 'socioeconomic', 'inequalities', 'in', 'both', 'health', 'care', 'use', 'and', 'financing', '(', 'Citoni', 'et', 'al', '.,', '2020', ')', '.']",82
82,-1675118546,6,"['In', '2019', ',', 'the', 'Italian', 'government', 'started', 'to', 'redress', 'the', 'financing', 'of', 'the', 'SSN', ',', 'increasing', 'its', 'funding', 'to', '114.5', 'billion', 'EUR', '(', '+1.59', '%', 'increase', 'in', 'nominal', 'terms', ')', ',', 'with', 'further', 'forecasted', 'increases', 'of', '2', 'billion', 'EUR', 'and', '1.5', 'billion', 'EUR', 'for', '2020', 'and', '2021', ',', 'respectively', '(', 'Citoni', 'et', 'al', '.,', '2020', ';', 'de', 'Belvis', 'et', 'al', '.,', '2020', ')', '.']",83
83,-1675118546,7,"['Moreover', ',', 'since', 'the', 'outbreak', 'of', 'the', 'COVID-19', 'pandemic', 'and', 'the', 'subsequent', 'economic', 'crisis', ',', 'the', 'government', 'approved', 'a', 'series', 'of', 'economic', 'measures', 'aimed', 'at', 'supporting', 'several', 'sectors', 'of', 'the', 'Italian', 'economy', ',', 'including', 'health', 'care', '(', 'de', 'Belvis', 'et', 'al', '.,', '2020', ')', '.']",84
84,-1675118546,8,"['The', 'main', 'upcoming', 'challenges', ',', 'besides', 'adequate', 'and', 'sustainable', 'funding', 'of', 'the', 'SSN', ',', 'for', 'the', 'Ministry', 'of', 'Health', ',', 'the', 'national', 'government', 'and', 'the', 'regions', 'are', 'how', 'to', 'reorganise', 'the', 'SSN', ',', 'possibly', 'even', 'in', 'its', 'governance', ';', 'what', 'priorities', 'to', 'set', 'to', 'provide', 'and', 'strengthen', 'health', 'care', 'services', '(', 'e.g.', 'prevention', '/', 'public', 'health', ',', 'primary', '/', 'community', 'care', ')', ';', 'how', 'to', 'overcome', 'workforce', 'shortages', 'in', 'the', 'medium', 'and', 'long', 'term', ',', 'assuring', 'the', 'right', 'mix', 'of', 'competences', 'within', 'the', 'SSN', ';', 'and', 'how', 'to', 'modernise', 'the', 'physical', 'infrastructures', 'of', 'the', 'health', 'care', 'system', ';', 'all', 'the', 'while', 'keeping', 'in', 'mind', ',', 'that', 'reinforcing', 'the', 'country', ""'s"", 'preparedness', 'to', 'future', 'epidemics', 'can', 'no', 'longer', 'be', 'postponed', '.']",85
85,-1681663237,0,"['Table', '1', '.']",86
86,-1681663237,1,"['(', 'continued', '.']",87
87,-1681663237,2,"[')', 'Date', 'Main', 'events', 'and', 'policy', 'responses', '24-10-2020', '(', 'addressing', 'the', 'New', 'restrictive', 'measures', 'to', 'people', ""'s"", 'movement', '(', 'public', 'squares', 'to', 'close', 'at', '9', 'pm', ',', 'second', 'wave', ')', 'curfew', 'from', '11', 'pm', 'to', '5', 'am', 'in', 'some', 'regions', ')', ';', 'closures', 'of', 'restaurants', '/', 'bars', '/', 'pubs', 'from', '6', 'pm', ';', 'online', 'schooling', 'for', '75', '%', 'of', 'secondary', 'schools', 'and', 'university', 'students', ';', 'closures', 'of', 'cinemas', '/', 'theatres', '/', 'music', 'halls', ';', 'only', 'outdoor', 'sports', '/', 'activity', 'is', 'allowed', ',', 'except', 'for', 'elite', 'sports', '.']",88
88,-1687782040,0,"['14', '%', 'in', 'Lombardy', ',', 'between', '1st', 'February', 'and', '14th', 'April', ',', 'of', 'which', 'about', '37.4', '%', 'of', 'ficially', 'due', 'to', 'COVID-19', '(', 'Istituto', 'Superiore', 'di', 'Sanita', ',', '2020', ')', '.']",89
89,-1687782040,1,"['A', 'timeline', 'with', 'summary', 'of', 'the', 'Italian', 'national', 'policy', 'responses', 'until', 'the', 'beginning', 'of', 'the', 'second', 'outbreak', 'in', 'October', 'is', 'reported', 'in', 'Table', '1', '.']",90
90,-1765333094,0,"['8.', 'conclusions', '.']",91
91,-1810507189,0,"['6.1', '.']",92
92,-1810507189,1,"['5', 'The', 'shift', 'to', 'digital', 'care', 'During', 'the', 'COVID-19', 'health', 'crisis', ',', 'as', 'people', 'were', 'asked', 'to', 'shelter-in-place', ',', 'health', 'care', 'systems', 'had', 'to', 'quickly', 'move', 'to', 'other', ',', 'innovative', ',', 'forms', 'of', 'providing', 'continued', 'care', 'to', 'the', 'population', ',', 'especially', 'the', 'elderly', 'and', 'those', 'affected', 'by', 'chronic', 'conditions', '.']",93
93,-1810507189,2,"['This', 'lead', 'to', 'a', 'forced', 'acceleration', 'in', 'the', 'adoption', 'of', 'telemedicine', ',', 'e-prescribing', 'and', 'similar', 'practices', '.']",94
94,-1810507189,3,"['In', 'Italy', ',', 'especially', 'for', 'community', 'care', 'services', ',', 'many', 'regions', 'activated', 'a', 'number', 'of', 'alternative', 'provisions', 'of', 'health', 'care', ',', 'such', 'as', 'teleconsultations', ',', 'over', 'a', 'very', 'short', 'period', 'of', 'time', '.']",95
95,-1810507189,4,"['Telemedicine', 'in', 'Italy', 'has', 'been', 'traditionally', 'delivered', 'using', 'several', 'applications', ',', 'poorly', 'interconnected', 'and', 'with', 'inconsistent', 'local', 'and', 'regional', 'reimbursement', 'practices', '.']",96
96,-1810507189,5,"['A', 'temporary', 'model', 'to', 'ease', 'organisational', 'aspects', 'of', 'the', 'implementation', 'of', 'telemedicine', 'services', 'during', 'the', 'emergency', 'was', 'issued', 'by', 'the', 'ISS', ',', 'albeit', 'without', 'a', 'specific', 'national', 'guidance', 'on', 'reimbursement', 'codes', ',', 'which', 'caused', 'the', 'occurrence', 'of', 'inter-regional', 'differences', '.']",97
97,-1810507189,6,"['At', 'the', 'start', 'of', 'the', 'pandemic', ',', 'telemedicine', 'was', 'not', 'explicitly', 'covered', 'in', 'the', 'guaranteed', 'LEA', '.']",98
98,-1810507189,7,"['Although', 'private', 'telemonitoring', 'service', 'providers', 'reported', 'a', 'marked', 'increase', 'in', 'the', 'use', 'of', 'direct-to-consumer', 'services', ',', 'the', 'lack', 'of', 'a', 'framework', 'to', 'reimburse', 'telemedicine', 'services', 'hindered', 'wider-scale', 'adoption', 'by', 'many', 'public', 'institutions', '(', 'Petracca', 'et', 'al', '.,', '2020', ')', '.']",99
99,-1810507189,8,"['The', 'COVID-19', 'crisis', 'boosted', 'the', 'digitisation', 'process', 'in', 'Italy', ',', 'thanks', 'to', 'a', 'relaxation', 'of', 'usual', 'red', 'tapes', '(', 'General', 'Data', 'Protection', 'Regulation', '(', 'GDPR', ')', ',', 'procurement', 'rules', 'and', 'organisational', 'resistance', ')', 'in', 'two', 'ways', '.']",100
100,-1810507189,9,"['First', ',', 'it', 'helped', 'revitalise', 'dormant', 'innovations', ',', 'like', 'e-prescription', 'and', 'telemedicine', 'already', 'in', 'place', '(', 'Oliveira', 'Hashiguchi', ',', '2020', ')', ',', 'given', 'the', 'urgency', 'of', 'of', 'fering', 'alternative', 'ways', 'to', 'care', 'for', 'patients', '.']",101
101,-1810507189,10,"['This', 'forced', 'many', 'previously', 'reluctant', 'or', 'late', ""'"", 'bloomer', ""'"", 'professionals', 'to', 'swiftly', 'rely', 'on', 'telemedicine', '.']",102
102,-1810507189,11,"['Second', ',', 'it', 'led', 'to', 'further', 'investments', 'in', 'technological', 'infrastructure', 'necessary', 'to', 'tackle', 'the', 'challenges', 'posed', 'by', 'the', 'outbreak', ',', 'such', 'as', 'the', 'introduction', 'of', 'mobile', 'apps', 'for', 'controlling', 'contact', 'tracing', 'or', 'social', 'distancing', '(', 'Kummitha', ',', '2020', ')', '.']",103
103,-1810507189,12,"['The', 'Immuni', 'app', 'was', 'introduced', 'as', 'a', 'surveillance', 'system', ',', 'albeit', 'not', 'compulsory', ',', 'in', 'June', '2020', '.']",104
104,-1810507189,13,"['Two', 'months', 'later', ',', 'only', '4', 'million', 'Italians', '(', 'about', '6', '%', 'of', 'the', 'total', 'population', ')', 'had', 'downloaded', 'it', ',', 'against', 'the', 'minimum', 'required', 'threshold', 'of', '12', 'million', '(', 'equivalent', 'to', '20', '%', 'of', 'total', 'population', 'downloads', 'or', '60', '%', 'of', 'actual', 'users', ')', 'to', 'guarantee', 'its', 'real', 'effectiveness', '(', 'Berra', ',', '2020', ';', 'Ferretti', 'et', 'al', '.,', '2020', ')', '.']",105
105,-1810507189,14,"['The', 'most', 'recent', 'estimates', 'report', 'over', '10', 'million', 'downloads', 'of', 'the', 'Immuni', 'app', 'since', 'its', 'launch', '(', 'Immuni', 'Italia', ',', '2020', ')', '.']",106
106,-1825184922,0,"['Health', 'Economics', ',', 'policy', 'and', 'Law', '7', '.']",107
107,-182748815,0,"['In', 'this', 'paper', ',', 'we', 'aim', 'to', 'critically', 'review', 'the', 'Italian', 'response', 'to', 'the', 'COVID-19', 'crisis', 'spanning', 'from', 'the', 'early', 'acute', 'phases', 'of', 'the', 'emergency', '(', 'March-May', '2020', ')', 'to', 'the', 'relative', 'stability', 'of', 'the', 'epidemiological', 'situation', 'just', 'before', 'the', 'second', 'outbreak', 'in', 'October', '2020', '.']",108
108,-182748815,1,"['In', 'what', 'follows', ',', 'we', 'first', 'briefly', 'describe', 'how', 'the', 'Italian', 'Servizio', 'Sanitario', 'Nazionale', '(', 'SSN', ',', 'National', 'Health', 'Services', ')', 'is', 'organised', 'and', 'the', 'preparedness', 'of', 'the', 'SSN', 'before', 'the', 'epidemic', 'started', '.']",109
109,-182748815,2,"['Second', ',', 'we', 'describe', 'the', 'governance', 'of', 'the', 'emergency', 'set', 'up', 'by', 'the', 'government', '.']",110
110,-182748815,3,"['Finally', ',', 'we', 'attempt', 'a', 'first', 'assessment', 'of', 'the', 'effects', 'that', 'the', 'COVID-19', 'crisis', 'had', 'on', 'the', 'Italian', 'health', 'care', 'system', ',', 'separately', 'addressing', 'supply-side', 'and', 'demand-side', 'considerations', '.']",111
111,-1949274406,0,"['3', '.']",112
112,-1949274406,1,"['National', 'plan', 'for', 'preparation', 'and', 'response', 'to', 'an', 'influenza', 'pandemic', 'By', 'the', 'impact', 'observed', 'in', 'the', 'early', 'stage', 'of', 'the', 'emergency', ',', 'it', 'is', 'plausible', 'to', 'believe', 'that', 'the', 'pandemic', 'caught', 'the', 'population', ',', 'the', 'local', 'and', 'national', 'governments', 'and', 'even', 'the', 'international', 'organisations', 'and', 'public', 'health', 'experts', 'largely', 'unprepared', '.']",113
113,-1949274406,2,"['However', ',', 'since', 'the', 'H5N1', 'avian', 'influenza', 're-emergence', 'in', 'the', 'Far', 'East', 'in', '2003', ',', 'the', 'risk', 'of', 'a', 'flu', 'pandemic', 'in', 'the', 'country', 'was', 'seen', 'as', 'concrete', 'and', 'persistent', '.']",114
114,-1949274406,3,"['In', '2005', ',', 'the', 'WHO', 'issued', 'a', 'list', 'of', 'recommendations', '(', 'WHO', ',', '2020', ')', 'for', 'updating', 'and', 'developing', 'a', 'national', 'pandemic', 'plan', ',', 'following', 'which', 'the', 'Ministry', 'of', 'Health', 'in', 'Italy', 'developed', 'a', ""'"", 'National', 'Plan', 'for', 'Preparation', 'and', 'Response', 'to', 'an', 'Influenza', 'Pandemic', ""'"", '(', 'Ministero', 'della', 'Salute', ',', '2006', ')', ',', 'defining', 'objectives', 'and', 'activities', ',', 'agreed', 'with', 'the', 'regions', ',', 'to', 'be', 'https://doi.org/10.1017/S1744133121000141', 'Published', 'online', 'by', 'Cambridge', 'University', 'Press', 'carried', 'out', 'to', 'prevent', 'and', 'cope', 'with', 'a', 'future', 'pandemic', 'throughout', 'the', 'national', 'territory', '.']",115
115,-1949274406,4,"['The', 'general', 'objective', 'of', 'the', 'plan', 'was', 'to', 'strengthen', 'preparedness', 'for', 'an', 'epidemiological', 'emergency', 'at', 'the', 'national', 'and', 'local', 'levels', ',', 'and', 'more', 'specifically', 'to', '(', 'i', ')', 'quickly', 'identify', ',', 'confirm', 'and', 'describe', 'cases', 'of', 'influenza', 'caused', 'by', 'new', 'viral', 'subtypes', ',', 'in', 'order', 'to', 'promptly', 'recognise', 'the', 'onset', 'of', 'the', 'pandemic', ';', '(', 'ii', ')', 'minimise', 'the', 'risk', 'of', 'transmission', 'and', 'limit', 'morbidity', 'and', 'mortality', 'due', 'to', 'the', 'pandemic', ';', '(', 'iii', ')', 'reduce', 'the', 'impact', 'of', 'the', 'pandemic', 'on', 'health', 'and', 'social', 'services', 'and', 'ensure', 'the', 'maintenance', 'of', 'essential', 'services', ';', '(', 'iv', ')', 'ensure', 'adequate', 'training', 'of', 'personnel', 'involved', 'in', 'the', 'response', 'to', 'the', 'pandemic', ';', '(', 'v', ')', 'ensure', 'up-to-date', 'and', 'timely', 'information', 'for', 'decision', 'makers', ',', 'health', 'professionals', ',', 'the', 'media', 'and', 'the', 'public', 'and', '(', 'vi', ')', 'monitor', 'the', 'efficiency', 'of', 'the', 'interventions', 'undertaken', '.']",116
116,-1949274406,5,"['However', ',', 'the', 'plan', 'was', 'never', 'revised', 'in', 'the', '14', 'years', 'since', 'its', 'development', '.']",117
117,-1949274406,6,"['This', 'attracted', 'strong', 'criticisms', ',', 'as', 'reported', 'also', 'in', 'the', 'media', '(', 'Puente', ',', '2020', ')', '.']",118
118,-1949274406,7,"['A', 'number', 'of', 'key', 'intermediate', 'steps', 'were', 'envisaged', 'to', 'achieve', 'these', 'objectives', ',', 'which', ',', 'as', 'unfortunately', 'reported', 'during', 'the', 'beginning', 'of', 'the', 'COVID-19', 'pandemic', '(', 'de', 'Maria', ';', 'Palladino', ',', '2020', ')', ',', 'remained', 'largely', 'unfulfilled', '.']",119
119,-1949274406,8,"['Even', 'the', 'Italian', 'Prime', 'Minister', ',', 'on', '24th', 'February', ',', 'threatened', 'to', 'take', 'back', 'powers', 'from', 'the', 'regions', 'and', 'autonomous', 'provinces', 'because', 'they', 'were', ""'"", 'in', 'charge', 'of', 'implementing', 'healthcare', 'but', 'not', 'prepared', 'to', 'face', 'a', 'national', 'emergency', ""'"", 'and', 'complained', 'about', 'the', 'lack', 'of', 'application', 'of', ""'"", 'unspecified', ""'"", 'preparedness', 'protocols', '(', 'Carinci', ',', '2020', ')', '.']",120
120,-1949274406,9,"['This', 'gap', 'does', 'not', 'come', 'unexpected', 'when', 'considering', 'that', 'since', '2001', 'in', 'the', 'allocation', 'of', 'the', 'national', 'health', 'care', 'budget', 'no', 'more', 'than', '5', '%', 'was', 'earmarked', 'for', 'prevention', ',', 'which', 'also', 'includes', 'the', 'pandemic', 'preparedness', 'activities', ',', 'with', 'community', 'and', 'hospital', 'care', '(', '51', 'and', '44', '%', ',', 'respectively', 'in', '2019', ')', 'gaining', 'the', 'lion', 'share', '(', 'CERGAS', 'Bocconi', ',', '2019', ')', '.']",121
121,-1949274406,10,"['More', 'recently', 'the', 'Ministry', 'of', 'Health', 'developed', 'a', 'new', 'National', 'Preparedness', 'Plan', '(', 'PanFlu', '2021-2023', ')', ',', 'which', 'identifies', 'all', 'the', 'necessary', 'actions', 'that', 'ought', 'to', 'be', 'followed', 'to', 'avoid', 'the', 'health', 'care', 'system', 'being', 'overwhelmed', 'again', '(', 'Ministero', 'della', 'Salute', ',', '2021', ')', '.']",122
122,-1949274406,11,"['It', 'also', 'includes', 'the', 'possible', 'responses', 'to', 'be', 'taken', 'in', 'the', 'event', 'of', 'a', 'future', 'epidemic', ',', 'such', 'as', 'appropriate', 'chain', 'of', 'commands', ',', 'prevention', 'and', 'control', 'measures', '.']",123
123,-1949274406,12,"['Furthermore', ',', 'the', 'new', 'plan', 'includes', 'an', 'explicit', 'monitoring', 'function', 'of', 'the', 'implementation', 'of', 'the', 'plan', 'itself', '(', 'Fassari', ',', '2021', ')', '.']",124
124,-2026286032,0,"['10', 'Iris', 'Bosa', 'et', 'al.']",125
125,-2067604489,0,"['Conflict', 'of', 'interest', '.']",126
126,-2067604489,1,"['None', '.']",127
127,-38271474,0,"['Health', 'economics', ',', 'policy', 'and', 'Law', '9', '.']",128
128,-539676787,0,"['2', 'Iris', 'Bosa', 'et', 'al.']",129
129,-587952749,0,"['2', '.']",130
130,-587952749,1,"['Overview', 'of', 'the', 'Italian', 'SSN', '.']",131
131,-609461965,0,"['4', 'Iris', 'Bosa', 'et', 'al.']",132
132,-666955011,0,"['7', '.']",133
133,-666955011,1,"['Discussion', '.']",134
134,-810832455,0,"['References', '.']",135
135,-853168537,0,"['Response', 'to', 'COVID-19', ':', 'was', 'Italy', '(', 'un', ')', 'prepared', '?']",136
136,-895020870,0,"['Health', 'economics', ',', 'policy', 'and', 'Law', '11', '.']",137
137,-94561735,0,"['Health', 'economics', ',', 'policy', 'and', 'Law', '5', '.']",138
138,-973441733,0,"['6.1.1', 'Physical', 'infrastructure', 'and', 'devices', 'Increasing', 'production', 'capacity', 'is', 'normally', 'difficult', 'in', 'the', 'short', 'term', ',', 'but', 'what', 'has', 'been', 'achieved', 'under', 'the', 'urgency', 'of', 'the', 'COVID-19', 'crisis', 'has', 'been', 'unprecedented', 'for', 'Italy', '.']",139
139,-973441733,1,"['The', 'expansion', 'in', 'the', 'supply', 'side', 'has', 'entailed', 'the', 'rapid', 'conversion', 'or', 'building', 'of', 'new', 'hospital', 'facilities', 'and', 'intensive', 'care', 'units', '(', 'ICU', ')', 'for', 'the', 'care', 'of', 'COVID-19', 'patients', ',', 'the', 'procurement', 'of', 'massive', 'quantities', 'of', 'PPEs', 'and', 'other', 'medical', 'devices', ',', 'and', 'the', 'hiring', 'of', 'additional', 'health', 'care', 'workers', '.']",140
140,1012345866,0,"['Lombardy', ',', 'more', 'than', '300', 'retired', 'doctors', 'and', '500', 'retired', 'nurses', 'returned', 'to', 'practice', 'on', 'a', 'voluntary', 'basis', ')', ',', 'and', 'to', 'request', 'the', 'temporary', 'enrolment', 'of', 'doctors', 'and', 'nurses', 'from', 'the', 'armed', 'forces', '.']",141
141,1012345866,1,"['Furthermore', ',', 'hospitals', 'were', 'given', 'the', 'possibility', 'to', 'recruit', 'on', 'a', 'freelance', 'basis', ',', 'doctors', 'and', 'nurses', 'not', 'yet', 'listed', 'in', 'the', 'Medical', 'Register', 'and', 'medical', 'doctors', 'and', 'nurses', 'practicing', 'abroad', 'under', 'EU', 'directives', 'have', 'also', 'been', 'allowed', 'to', 'work', 'in', 'Italy', 'on', 'a', 'temporary', 'basis', '.']",142
142,1069647193,0,"['6', '.']",143
143,1069647193,1,"['Supply', 'and', 'demand', 'side', 'considerations', 'of', 'the', 'COVID-19', 'response', 'in', 'Italy', 'Addressing', 'the', 'emergency', 'required', 'interventions', 'on', 'both', 'the', 'supply', 'and', 'demand', 'of', 'health', 'care', 'services', ',', 'in', 'this', 'section', ',', 'we', 'attempt', 'a', 'first', 'assessment', 'of', 'the', 'effects', 'that', 'the', 'COVID-19', 'crisis', 'had', 'on', 'the', 'Italian', 'health', 'care', 'system', ',', 'separately', 'addressing', 'supply-side', 'and', 'demand-side', 'considerations', '.']",144
144,1212143804,0,"['6.1', 'Supply-side', 'considerations', 'The', 'outbreak', 'of', 'a', 'health', 'crisis', ',', 'especially', 'at', 'a', 'scale', 'like', 'the', 'COVID-19', 'crisis', ',', 'puts', 'even', 'the', 'best', 'health', 'care', 'systems', 'under', 'increased', 'pressures', 'and', 'stress', '.']",145
145,1212143804,1,"['In', 'this', 'section', ',', 'we', 'provide', 'a', 'summary', 'of', 'the', 'various', 'measures', 'introduced', 'by', 'the', 'Italian', 'central', 'government', 'to', 'increase', 'physical', 'infrastructure', 'capacity', 'and', 'address', 'the', 'emerging', 'workforce', 'shortages', '.']",146
146,1212143804,2,"['However', ',', 'the', 'COVID-19', 'crisis', 'has', 'also', 'been', 'instrumental', 'in', 'Italy', ',', 'as', 'in', 'many', 'other', 'European', 'countries', ',', 'in', 'fostering', 'the', 'adoption', 'of', 'already', 'existing', 'digital', 'technology', 'by', 'shifting', 'to', ',', 'and', 'increasing', 'the', 'of', 'fer', 'of', ',', 'telemedicine', ',', 'for', 'example', '.']",147
147,1379080646,0,"['4', '.']",148
148,1379080646,1,"['Governing', 'the', 'emergency', ':', 'who', '?']",149
149,1379080646,2,"['when', '?']",150
150,1379080646,3,"['how', '?']",151
151,1379080646,4,"['why', '?']",152
152,1379080646,5,"['On', '31st', 'January', '2020', ',', 'the', 'Italian', 'Government', 'declared', 'a', 'national', 'emergency', 'in', 'order', 'to', 'be', 'able', 'to', 'face', 'the', 'incoming', 'COVID-19', 'crisis', '.']",153
153,1379080646,6,"['The', 'most', 'direct', 'consequence', 'of', 'this', 'act', 'was', 'that', 'the', 'Department', 'of', 'Civil', 'Protection', ',', 'an', 'operative', 'branch', 'of', 'the', 'Presidency', 'of', 'the', 'Council', 'of', 'Ministers', ',', 'took', 'up', 'the', 'important', 'role', 'of', 'coordination', 'and', 'execution', 'of', 'the', 'emergency', 'intervention', '.']",154
154,1379080646,7,"['The', 'Civil', 'Protection', 'is', 'a', 'highly', 'regarded', 'and', 'reputable', 'organisation', ',', 'a', 'reputation', 'matured', 'through', 'their', 'long', 'experience', 'with', 'dealing', 'with', 'earthquakes', 'and', 'other', 'national', 'disasters', '.']",155
155,1379080646,8,"['Additional', 'committees', 'and', 'roles', 'were', 'also', 'created', 'to', 'front', 'the', 'emergency', '.']",156
156,1379080646,9,"['In', 'particular', 'and', 'following', 'the', 'timeline', 'of', 'events', ',', 'on', '3rd', 'February', ',', 'the', 'Civil', 'Protection', 'Department', 'set', 'up', 'a', 'technical', 'and', 'scientific', 'committee', '(', 'hereafter', 'CTS', ')', ',', 'comprising', 'of', 'high', 'level', 'civil', 'servants', 'from', 'within', 'the', 'Ministry', 'of', 'Health', ',', 'the', 'Istituto', 'Superiore', 'di', 'Sanita', '(', 'National', 'Institute', 'of', 'Health', ',', 'ISS', ')', ',', 'regional', 'governments', 'and', 'the', 'same', 'Civil', 'Protection', 'Department', ',', 'as', 'well', 'as', 'clinical', 'experts', '(', 'public', 'health', 'experts', ',', 'virologists', 'and', 'clinicians', ')', 'to', 'provide', 'scientific', 'advice', 'to', 'the', 'government', '.']",157
157,1379080646,10,"['The', 'regional', 'governments', 'of', 'Lombardy', ',', 'Veneto', ',', 'Emilia-Romagna', 'and', 'Piedmont', ',', 'all', 'at', 'the', 'epicentre', 'of', 'the', 'COVID-19', 'health', 'crisis', 'in', 'Italy', ',', 'also', 'set', 'up', 'their', 'own', 'task', 'forces', 'and', 'advisory', 'committees', '.']",158
158,1379080646,11,"['Furthermore', ',', 'on', '17th', 'March', ',', 'to', 'respond', 'to', 'the', 'inadequate', 'availability', 'of', 'both', 'personal', 'protection', 'equipment', '(', 'PPE', ')', 'and', 'ventilators', ',', 'the', 'Prime', 'Minister', 'appointed', 'a', 'commissioner', 'in', 'charge', 'of', 'coordinating', 'their', 'centralised', 'procurement', '.']",159
159,1379080646,12,"['Finally', ',', 'on', '10th', 'April', ',', 'a', ""'"", 'committee', 'of', 'experts', 'in', 'economic', 'and', 'social', 'subjects', ""'"", 'was', 'established', 'by', 'the', 'Prime', 'Minister', 'to', 'develop', 'plans', 'and', 'guidelines', 'for', 'the', 'transition', 'from', 'total', 'lockdown', 'to', 'the', 'wider', 'reopening', 'of', 'the', 'country', '.']",160
160,1379080646,13,"['The', 'state', 'of', 'emergency', 'had', 'two', 'important', 'implications', 'for', 'the', 'governance', 'of', 'the', 'crisis', '.']",161
161,1379080646,14,"['First', ',', 'to', 'guarantee', 'a', 'quick', 'response', ',', 'the', 'government', 'was', 'allowed', 'to', 'by', 'pass', 'the', 'Parliament', 'in', 'the', 'https://doi.org/10.1017/S1744133121000141', 'Published', 'online', 'by', 'Cambridge', 'University', 'Press', 'definition', 'of', 'legislative', 'interventions', '.']",162
162,1379080646,15,"['The', 'government', 'did', 'so', 'by', 'approving', 'so-called', ""'"", 'decrees', 'of', 'the', 'Prime', 'Minister', ""'"", '.']",163
163,1379080646,16,"['This', 'approach', ',', 'although', 'legally', 'grounded', 'in', 'the', 'Italian', 'law', ',', 'blurred', 'the', 'boundaries', 'between', 'the', 'executive', 'and', 'the', 'legislative', 'powers', ',', 'de', 'facto', 'freezing', 'the', 'Constitutional', 'framework', '.']",164
164,1379080646,17,"['For', 'this', 'reason', ',', 'critics', 'have', 'questioned', 'the', 'decision', 'by', 'the', 'government', 'to', 'prolong', 'the', 'state', 'of', 'emergency', 'first', 'until', 'the', '31st', 'October', 'and', 'then', 'until', 'the', '31st', 'January', '2021', '.']",165
165,1379080646,18,"['Second', ',', 'the', 'state', 'of', 'emergency', 'introduced', 'the', 'possibility', 'of', 'derogation', 'of', 'existing', 'procurement', 'rules', '.']",166
166,1379080646,19,"['Italy', 'has', 'very', 'strict', 'procurement', 'rules', 'and', 'the', 'national', 'anti-corruption', 'agency', 'is', 'dedicated', 'to', 'check', 'the', 'legitimacy', 'of', 'procurement', 'bids', '.']",167
167,1379080646,20,"['The', 'Department', 'of', 'Civil', 'Protection', 'issued', 'new', 'procurement', 'regulations', 'to', 'be', 'valid', 'mainly', 'for', 'the', 'acquisition', 'of', 'PPE', ',', 'tests', 'and', 'ventilators', ',', 'simplifying', 'and', 'accelerating', 'the', 'existing', 'procedures', '.']",168
168,1388969797,0,"['6', 'Iris', 'Bosa', 'et', 'al.']",169
169,1441143227,0,"['The', 'SARS-CoV-2', 'outbreak', 'and', 'the', 'related', 'COVID-19', 'pandemic', 'have', 'been', 'the', 'worst', 'public', 'health', 'challenge', 'in', 'recent', 'Italian', 'history', ',', 'placing', 'extraordinary', 'pressures', 'on', 'the', 'country', ""'s"", 'health', 'care', 'and', 'long-term', 'care', 'systems', ',', 'and', 'on', 'the', 'economy', 'as', 'a', 'whole', '.']",170
170,1441143227,1,"['Between', '31st', 'January', '2020', ',', 'when', 'a', 'state', 'of', 'national', 'emergency', 'was', 'declared', 'after', 'the', 'detection', 'of', 'the', 'first', 'two', 'COVID-19', 'cases', 'in', 'Rome', ',', 'and', 'the', 'easing', 'of', 'the', 'stringent', 'lockdown', 'restrictions', 'at', 'the', 'beginning', 'of', 'June', ',', 'Italy', 'was', ""'"", 'hit', 'by', 'nothing', 'short', 'of', 'a', 'tsunami', 'of', 'unprecedented', 'forces', ',', 'punctuated', 'by', 'an', 'incessant', 'stream', 'of', 'deaths', '.']",171
171,1441143227,2,"['[', '...']",172
172,1441143227,3,"[']', 'Italy', ""'s"", 'biggest', 'crisis', 'since', 'World', 'War', 'II', ""'"", '(', 'Pisano', 'et', 'al', '.,', '2020', ')', '.']",173
173,1441143227,4,"['Two', 'months', 'after', 'the', 'beginning', 'of', 'the', 'first', 'wave', ',', 'the', 'estimated', 'excess', 'deaths', 'in', 'Lombardy', ',', 'the', 'hardest', 'hit', 'region', 'in', 'the', 'country', ',', 'reached', 'a', 'peak', 'of', 'more', 'than', '23,000', 'deaths', ',', 'equivalent', 'to', 'an', 'excess', 'mortality', 'of', '+118', '%', 'compared', 'to', 'the', 'average', 'mortality', 'rate', 'of', 'the', 'period', '1', 'January-30', 'April', '2015-2019', '(', 'Ghislandi', 'et', 'al', '.,', '2020', ';', 'ISTAT', ',', '2020', ')', '.']",174
174,1441143227,5,"['(', 'C', ')', 'the', 'author', '(', 's', ')', ',', '2021', '.']",175
175,1441143227,6,"['Published', 'by', 'Cambridge', 'University', 'Press', '.']",176
176,1441143227,7,"['This', 'is', 'an', 'Open', 'Access', 'article', ',', 'distributed', 'under', 'the', 'terms', 'of', 'the', 'Creative', 'Commons', 'Attribution', 'licence', '(', 'http://creativecommons.org/licenses/by/4.0/', ')', ',', 'which', 'permits', 'unrestricted', 're-use', ',', 'distribution', ',', 'and', 'reproduction', 'in', 'any', 'medium', ',', 'provided', 'the', 'original', 'work', 'is', 'properly', 'cited', '.']",177
177,1673799886,0,"['A', 'report', 'by', 'Nomisma', ',', 'an', 'Italian', 'business', 'consultancy', 'company', ',', 'estimated', 'that', 'during', 'the', 'COVID-19', 'emergency', ',', '75', '%', 'of', 'elective', 'surgeries', 'was', 'postponed', '.']",178
178,1673799886,1,"['Out', 'of', '410,000', 'surgeries', 'that', 'needed', 'to', 'be', 'rescheduled', ',', '135,700', '(', '33', '%', 'of', 'the', 'rescheduled', 'surgeries', 'and', '79', '%', 'of', 'the', 'specific', 'DRG', ')', 'refer', 'to', 'surgeries', 'of', 'the', 'muscular', 'system', 'and', 'connective', 'tissue', ';', '54,000', '(', '13', '%', 'of', 'the', 'rescheduled', 'surgeries', 'and', '56', '%', 'of', 'the', 'specific', 'DRG', ')', 'refers', 'to', 'surgeries', 'of', 'the', 'cardiovascular', 'system', 'and', '39,800', '(', '10', '%', 'of', 'the', 'rescheduled', 'surgeries', 'and', '65', '%', 'of', 'the', 'specific', 'DRG', ')', 'refers', 'to', 'surgeries', 'of', 'the', 'digestive', 'system', '.']",179
179,1673799886,2,"['The', 'remaining', '180,000', 'surgeries', 'refer', 'to', 'the', 'rest', 'of', 'the', 'major', 'diagnostic', 'groups', ',', 'heavily', 'affected', 'by', 'the', 'emergency', 'with', 'between', '70', 'and', '97', '%', 'rescheduled', 'surgeries', '(', 'Nomisma', ',', '2020', ';', 'quotidianosanita.it', ',', '2020', ')', '.']",180
180,1673799886,3,"['Finally', ',', 'weeks', 'of', 'nationwide', 'lockdown', 'had', 'also', 'an', 'effect', 'on', 'the', 'number', 'of', 'people', 'presenting', 'to', 'A', '&', 'E', 'and', 'subsequent', 'emergency', 'admissions', '.']",181
181,1673799886,4,"['A', 'retrospective', 'analysis', 'of', 'patients', 'admitted', 'for', 'acute', 'coronary', 'syndrome', 'at', '15', 'hospitals', 'in', 'northern', 'Italy', 'during', 'the', 'early', 'days', 'of', 'the', 'COVID-19', 'outbreak', 'revealed', 'a', 'mean', 'rate', 'of', '13.3', 'emergency', 'admissions', 'per', 'day', 'compared', 'to', 'the', '18.9', 'admissions', 'during', 'the', 'previous', 'year', '(', 'incidence', 'rate', 'ratio', ',', '0.70', ';', '95', '%', 'CI', ',', '0.63', 'to', '0.78', ';', 'p', '<', '0.001', ')', '(', 'De', 'Filippo', 'et', 'al', '.,', '2020', ')', '.']",182
182,1685655814,0,"['The', 'Italian', 'SSN', 'was', 'established', 'in', '1978', 'on', 'the', 'principles', 'of', 'universal', 'access', 'and', 'free', 'health', 'care', '.']",183
183,1685655814,1,"['The', 'SSN', 'is', 'mostly', 'financed', 'through', 'general', 'taxation', '.']",184
184,1685655814,2,"['In', '2019', ',', 'public', 'health', 'care', 'expenditure', 'was', '74', '%', 'of', 'total', 'health', 'care', 'expenditure', '(', 'THE', ')', 'and', '6.5', '%', 'of', 'GDP', '.']",185
185,1685655814,3,"['Private', 'out-of-pocket', 'payments', 'account', 'for', '23', '%', 'of', 'THE', ',', 'one', 'of', 'the', 'highest', 'in', 'Europe', ',', 'with', 'the', 'remainder', 'coming', 'from', 'private', 'health', 'insurance', '.']",186
186,1685655814,4,"['THE', 'was', '8.8', '%', 'of', 'GDP', ',', 'in', 'line', 'with', 'the', 'Organisation', 'for', 'Economic', 'Co-operation', 'and', 'Development', '(', 'OECD', ')', 'average', ',', 'but', 'almost', '1', '%', 'below', 'the', 'European', 'Union', '(', 'EU', ')', '(', '28', ')', 'average', 'and', 'lower', 'than', 'most', 'Western', 'European', 'countries', ';', 'per', 'capita', 'spending', 'was', '3649', 'USD-PPP', ',', '14', '%', 'lower', 'than', 'the', 'OECD', 'average', '(', 'Citoni', 'et', 'al', '.,', '2020', ')', '.']",187
187,1685655814,5,"['Unlike', 'other', 'centrally', 'managed', 'national', 'health', 'care', 'systems', ',', 'the', 'SSN', 'has', 'implemented', 'a', 'decentralised', 'model', 'since', 'the', 'early', '1990s', 'with', 'complementary', 'responsibilities', 'allocated', 'to', 'the', 'central', 'and', 'regional', 'levels', 'of', 'government', '(', 'Ferre', 'et', 'al', '.,', '2014', ')', '.']",188
188,1685655814,6,"['The', 'central', 'government', 'is', 'responsible', 'to', 'set', 'the', 'overall', 'funding', 'requirements', ',', 'goals', 'and', 'priorities', 'of', 'the', 'SSN', ',', 'mainly', 'through', 'the', 'setting', 'of', ""'"", 'Essential', 'Levels', 'of', 'Care', ""'"", '(', 'Livelli', 'Essenziali', 'di', 'Assistenza', ',', 'LEA', ')', 'and', 'by', 'ensuring', 'that', 'the', 'health', 'expenditure', 'of', 'each', 'region', 'does', 'not', 'exceed', 'the', 'allocated', 'budget', '.']",189
189,1685655814,7,"['Nineteen', 'regions', 'and', 'two', 'autonomous', 'provinces', 'are', 'responsible', 'for', 'the', 'organisation', 'and', 'delivery', 'of', 'health', 'care', 'services', '-', 'primary', 'and', 'secondary', 'care', ',', 'public', 'health', 'and', 'social', 'care', '-', 'within', 'their', 'territories', '.']",190
190,1685655814,8,"['They', 'are', 'allowed', 'to', 'do', 'so', 'with', 'a', 'high', 'degree', 'of', 'administrative', ',', 'political', 'and', 'also', 'fiscal', 'autonomy', ',', 'e.g.', 'regions', 'can', 'levy', 'additional', 'taxes', 'to', 'finance', 'health', 'care', '.']",191
191,1685655814,9,"['This', 'decentralised', 'model', 'has', 'basically', 'led', 'to', 'the', 'development', 'of', '21', 'different', 'regional', '/', 'provincial', 'health', 'care', 'sub-systems', 'in', 'Italy', ',', 'with', 'significant', 'differences', 'in', 'terms', 'of', 'organisational', 'and', 'governance', 'models', '(', 'Nuti', 'et', 'al', '.,', '2016', ')', '.']",192
192,1685655814,10,"['Over', 'the', 'last', 'two', 'decades', 'the', 'Italian', 'SSN', 'has', 'experienced', 'continuous', 'financial', 'cuts', ',', 'which', 'while', 'guaranteeing', 'financial', 'sustainability', ',', 'might', 'have', 'led', 'to', 'a', 'number', 'of', 'negative', 'and', 'unintended', 'effects', '.']",193
193,1685655814,11,"['A', 'cap', 'to', 'personnel', 'costs', 'in', '2004', ',', 'for', 'example', ',', 'led', 'to', 'a', 'depletion', 'of', 'health', 'care', 'professionals', ""'"", 'competencies', '(', 'Noto', 'et', 'al', '.,', '2020', ')', '.']",194
194,1685655814,12,"['The', '2007', 'bail-out', 'plans', 'in', 'some', 'regions', 'resulted', 'in', 'the', 'downsizing', 'of', 'hospital', 'capacity', ',', 'block', 'of', 'staff', 'turnover', 'and', 'new', 'co-payments', 'on', 'pharmaceutical', 'expenditure', '(', 'Bordignon', 'and', 'Turati', ',', '2009', ';', 'Piacenza', 'and', 'Turati', ',', '2014', ')', '.']",195
195,1685655814,13,"['All', 'of', 'the', 'above', 'led', 'to', 'the', 'realisation', 'that', 'more', 'resources', 'needed', 'to', 'be', 'injected', 'in', 'the', 'SSN', ',', 'as', 'recognised', 'in', 'the', 'last', 'national', 'health', 'plan', ""'"", 'Patto', 'per', 'la', 'salute', '2019-2021', ""'"", ',', 'issued', 'in', 'December', '2019', ',', 'just', 'before', 'the', 'COVID-19', 'crisis', '(', 'Ministero', 'della', 'Salute', ',', '2019', ')', '.']",196
196,1698234574,0,"['1', '.']",197
197,1698234574,1,"['Introduction', '.']",198
198,1864928046,0,"['response', 'to', 'the', 'COVID-19', 'crisis', 'mainly', 'a', 'hospital-centred', 'response', ',', 'especially', 'in', 'Lombardy', '.']",199
199,1864928046,1,"['This', 'proved', 'to', 'be', 'suboptimal', ',', 'as', 'revealed', 'by', 'the', 'high', 'incidence', 'and', 'high', 'rate', 'at', 'which', 'the', 'virus', 'spread', ',', 'and', 'the', 'subsequent', 'high', 'need', 'for', 'ventilators', 'and', 'intensive', 'care', 'beds', '.']",200
200,1864928046,2,"['Italy', 'appeared', 'to', 'be', 'under-equipped', 'with', 'respect', 'to', 'both', ',', 'which', 'has', 'been', 'suggested', 'to', 'have', 'put', 'the', 'country', 'under', 'great', '(', 'er', ')', 'risk', 'during', 'this', 'crisis', '.']",201
201,1864928046,3,"['A', 'study', 'by', 'Remuzzi', 'and', 'Remuzzi', '(', '2020', ')', ',', 'for', 'example', ',', 'estimated', 'that', 'by', '29th', 'March', 'between', '9', 'and', '11', '%', 'of', 'COVID-19', 'patients', 'required', 'ICU', 'care', '.']",202
202,1864928046,4,"['Given', 'the', 'number', 'of', 'COVID-19', 'cases', 'was', 'at', 'the', 'time', 'equal', 'to', '73,800', ',', 'the', 'authors', 'stated', 'that', 'around', '7380', 'ICU', 'beds', 'were', 'needed', ',', 'a', 'number', 'well', 'exceeding', 'the', 'ICU', 'bed', 'capacity', 'at', 'the', 'time', '.']",203
203,1864928046,5,"['This', 'may', 'have', 'forced', 'ICU', 'specialists', 'to', 'prioritise', 'patients', 'more', 'likely', 'to', 'benefit', 'and', 'survive', '.']",204
204,1864928046,6,"['Furthermore', ',', 'in', 'the', 'urgency', 'of', 'addressing', 'COVID-19', 'patients', 'in', 'a', 'hospital', 'setting', '(', 'with', 'the', 'doubling', 'of', 'ICU', 'beds', 'in', 'the', 'span', 'of', 'a', 'mere', '15', 'days', ')', ',', 'the', 'national', 'and', 'regional', 'governments', 'might', 'have', 'been', 'slow', 'in', 'organising', 'an', 'equally', 'effective', 'response', 'at', 'the', 'primary', '/', 'community', 'care', 'level', '.']",205
205,1864928046,7,"['The', 'high', 'level', 'of', 'infected', 'general', 'practitioners', '(', 'as', 'compared', 'to', 'all', 'health', 'care', 'professionals', ')', 'testifies', 'the', 'lower', 'level', 'of', 'attention', 'that', 'this', 'part', 'of', 'the', 'health', 'care', 'system', 'received', 'in', 'the', 'overall', 'COVID-19', 'emergency', 'response', 'strategy', '(', 'FNOMCeO', ',', '2020', ')', '.']",206
206,1864928046,8,"['However', 'early', 'on', 'in', 'the', 'pandemic', '(', 'March', '2020', ')', ',', 'the', 'central', 'government', 'required', 'the', 'creation', 'of', 'special', 'units', '(', 'Unita', 'Speciali', 'di', 'Continuita', 'Assistenziale', ',', 'USCA', ',', '1', 'every', '50,000', 'inhabitants', ')', 'to', 'manage', 'COVID-19', 'patients', ',', 'who', 'did', 'not', 'require', 'hospital', 'care', ',', 'to', 'be', 'followed', 'in', 'the', 'community', ',', 'including', 'the', 'monitoring', 'of', 'people', 'in', 'home-isolation', '(', 'DL', ',', '2020a', ',', '2020b', ')', '.']",207
207,1864928046,9,"['However', ',', 'their', 'introduction', 'by', 'the', 'single', 'regions', 'has', 'not', 'been', 'uniform', 'with', 'a', 'minimum', 'of', 'five', 'USCAs', 'activated', 'in', 'Molise', 'and', 'PA', 'Bolzen', 'against', 'the', 'maximum', 'number', 'of', '250', 'USCAs', 'in', 'Lazio', '.']",208
208,1864928046,10,"['Lombardy', ',', 'the', 'region', 'that', 'has', 'historically', 'invested', 'the', 'least', 'on', 'primary', '/', 'community', 'care', ',', 'has', 'only', 'activated', '157', 'USCAs', 'against', 'the', 'scheduled', '202', '(', 'Fassari', ',', '2020', ')', '.']",209
209,1864928046,11,"['Another', 'important', 'issue', '-', 'raising', 'questions', 'on', 'the', 'appropriateness', 'and', 'the', 'timing', 'of', 'the', 'containment', 'measures', 'implemented', 'in', 'Italy', ',', 'and', 'especially', 'in', 'the', 'Lombardy', 'region', '-', 'is', 'in', 'the', 'number', 'of', 'deaths', 'in', 'nursing', 'homes', '.']",210
210,1864928046,12,"['In', 'Lombardy', ',', 'for', 'example', ',', 'to', 'ease', 'pressure', 'on', 'hospitals', 'already', 'working', 'at', 'full', 'capacity', ',', 'regional', 'decision', 'makers', 'proposed', 'to', 'use', 'RSA', 'beds', 'to', 'treat', 'non', 'critical', 'COVID-19', 'patients', ',', 'provided', 'that', 'these', 'patients', 'could', 'be', 'properly', 'isolated', '(', 'Lombardy', 'Region', ',', '2020', ')', '.']",211
211,1864928046,13,"['At', 'the', 'time', 'of', 'writing', ',', 'these', 'decisions', 'are', 'under', 'judicial', 'investigations', 'to', 'establish', 'whether', 'they', 'have', 'contributed', 'to', 'the', 'excess', 'deaths', 'observed', 'in', 'nursing', 'homes', 'in', 'Lombardy', '(', 'Serra', ',', '2020', ')', '.']",212
212,1864928046,14,"['Furthermore', ',', 'RSA', ""'s"", 'staff', 'and', 'carers', 'have', 'suffered', 'from', 'massive', 'shortage', 'of', 'PPE', ',', 'similarly', 'to', 'other', 'countries', '(', 'Berloto', 'et', 'al', '.,', '2020', ')', ',', 'and', 'from', 'a', 'widespread', 'lack', 'of', 'appropriate', 'training', '.']",213
213,1864928046,15,"['Finally', ',', 'the', 'COVID-19', 'crisis', 'has', 'highlighted', 'the', 'need', 'to', 'review', 'the', 'way', 'social', 'care', 'is', 'organised', 'and', 'delivered', 'in', 'Italy', ',', 'and', 'the', 'need', 'for', 'a', 'regulatory', 'body', 'responsible', 'for', 'controlling', 'the', 'quality', 'of', 'services', 'provided', 'by', 'RSAs', ',', 'which', 'does', 'not', 'currently', 'exist', '(', 'Ravizza', ',', '2020', ')', '.']",214
214,1864928046,16,"['Disruption', 'or', 'deliberate', 'delays', 'in', 'seeking', 'needed', 'care', 'may', 'have', 'raised', 'concerns', ',', 'anxiety', ',', 'fear', 'and', 'may', 'have', 'negatively', 'impacted', 'the', 'mental', 'health', 'of', 'patients', ',', 'especially', 'those', 'in', 'vulnerable', 'and', 'fragile', 'groups', '(', 'Citoni', 'et', 'al', '.,', '2020', ')', '.']",215
215,1864928046,17,"['A', 'silent', 'sub-epidemic', 'of', 'people', 'who', 'needed', 'hospital', 'care', 'but', 'did', 'not', 'dare', 'to', 'show', 'up', 'may', 'well', 'rival', 'the', 'carnage', 'directly', 'produced', 'by', 'COVID-19', '-', 'a', 'collateral', 'damage', 'from', 'delay', 'of', 'less', 'urgent', 'care', 'that', 'truly', 'could', 'not', 'wait', ',', 'with', 'potentially', 'thousands', 'of', 'missed', 'diagnoses', 'who', 'will', 'deteriorate', 'or', 'appear', 'as', 'late', 'presentations', 'or', 'inoperable', '.']",216
216,1864928046,18,"['The', 'toll', 'of', 'unaddressed', 'health', 'problems', 'is', 'accompanied', 'by', 'a', 'mounting', 'backlog', 'of', 'procedures', 'that', 'could', 'cost', 'billions', 'to', 'the', 'SSN', 'and', 'may', 'require', 'a', 'substantial', 'amount', 'of', 'extra', 'health', 'care', 'workforce', 'input', 'to', 'bring', 'it', 'under', 'control', '(', 'Rosenbaum', ',', '2020', ')', '.']",217
217,1864928046,19,"['Finally', ',', 'it', 'still', 'needs', 'to', 'be', 'investigated', 'what', 'the', 'effects', 'on', 'access', 'to', 'care', 'and', 'the', 'quality', 'of', 'care', 'provided', 'by', 'the', 'move', 'to', 'digital', 'health', 'care', 'provision', 'are', ',', 'given', 'that', 'not', 'all', 'types', 'of', 'patients', 'nor', 'all', 'types', 'of', 'clinical', 'conditions', 'are', 'amenable', 'to', 'be', 'treated', 'as', 'such', '.']",218
218,1864928046,20,"['Despite', 'this', 'unprecedented', 'injection', 'of', 'digitalisation', ',', 'there', 'are', 'still', 'professionals', 'and', 'patients', 'who', 'still', 'have', 'to', 'catch-up', '-', 'an', 'issue', 'termed', ""'"", 'The', 'Great', 'Digital', 'divide', ""'"", '-', 'making', 'it', 'a', 'priority', 'to', 'bring', 'people', 'who', 'are', ""'"", 'digitally', 'excluded', 'online', ""'"", '(', 'Capgemini', 'Research', 'Institute', ',', '2020', ')', '.']",219
219,2008755081,0,"['Was', 'Italy', 'unprepared', '?']",220
220,2008755081,1,"['Answering', 'this', 'question', 'is', 'neither', 'simple', 'nor', 'straightforward', '.']",221
221,2008755081,2,"['Italy', 'was', 'the', 'first', 'EU', 'country', 'to', 'be', 'hit', 'by', 'the', 'COVID-19', 'epidemic', '.']",222
222,2008755081,3,"['The', 'initial', 'response', 'from', 'both', 'the', 'Italian', 'national', 'and', 'regional', 'governments', ',', 'business', 'organisations', ',', 'as', 'well', 'as', 'that', 'the', 'general', 'public', 'was', 'one', 'of', 'disbelief', 'and', 'inaction', '.']",223
223,2008755081,4,"['However', ',', 'the', 'declaration', 'of', 'an', 'emergency', 'state', 'early', 'on', 'in', 'the', 'crisis', 'enabled', 'the', 'national', 'government', 'to', 'take', 'immediate', 'and', 'executive', 'decisions', 'to', 'tackle', 'the', 'health', 'crisis', '.']",224
224,2008755081,5,"['In', 'this', 'midst', ',', 'the', 'decision', 'to', 'impose', 'strict', 'lockdown', 'measures', ',', 'similar', 'to', 'those', 'imposed', 'by', 'China', ',', 'was', 'a', 'difficult', 'exercise', 'as', 'it', 'required', 'dealing', 'with', 'the', 'unprecedented', 'trade-off', 'between', 'enforcing', 'measures', 'that', 'impinge', 'on', 'individual', 'liberties', 'in', 'a', 'democratic', 'system', ',', 'and', 'the', 'need', 'to', 'contain', ',', 'or', 'at', 'least', 'mitigate', ',', 'the', 'spread', 'of', 'the', 'virus', '.']",225
225,2008755081,6,"['Delays', 'in', 'the', 'enforcement', 'of', 'lockdown', 'measures', ',', 'especially', 'in', 'closing', 'non', 'essential', 'production', 'activities', ',', 'ensued', 'because', 'of', 'the', 'need', 'to', 'acquire', 'the', 'consensus', 'of', 'both', 'business', 'industry', 'and', 'union', 'representatives', '(', 'Bosa', 'et', 'al', '.,', '2020', ')', '.']",226
226,2008755081,7,"['Moreover', ',', 'the', 'early', 'phase', 'of', 'the', 'emergency', 'was', 'characterised', 'by', 'low', 'level', 'of', 'compliance', 'with', 'and', 'adherence', 'to', 'public', 'health', 'measures', '.']",227
227,2008755081,8,"['An', 'example', 'of', 'it', 'is', 'the', 'mass', 'flow', 'of', 'people', 'who', 'travelled', 'from', 'the', 'hardest', 'hit', 'northern', 'regions', 'towards', 'the', 'south', ',', 'before', 'the', 'introduction', 'of', 'the', 'national', 'lockdown', 'in', 'March', ',', 'after', 'this', 'policy', 'was', 'prematurely', 'leaked', 'to', 'the', 'press', ',', 'and', 'which', 'may', 'potentially', 'have', 'had', 'a', 'negative', 'impact', 'on', 'the', 'spread', 'of', 'the', 'outbreak', 'in', 'previously', 'unaffected', 'areas', '(', 'Bosa', 'et', 'al', '.,', '2020', ')', '.']",228
228,2008755081,9,"['However', ',', 'most', 'southern', 'regions', 'took', 'immediate', 'steps', 'to', 'deal', 'with', 'the', 'flux', 'of', 'people', 'coming', 'from', 'the', 'northern', 'regions', ',', 'by', 'for', 'example', 'introducing', 'a', '14', 'day', 'selfisolation', 'period', 'for', 'people', 'travelling', 'from', 'the', 'hardest', 'hit', 'regions', '.']",229
229,2008755081,10,"['This', 'may', 'have', 'allowed', 'these', 'regions', 'to', 'keep', 'their', 'initial', 'numbers', 'of', 'positive', 'COVID-19', 'cases', 'low', '(', 'er', ')', 'and', 'to', ""'"", 'flatten', 'the', 'curve', ""'"", 'earlier', 'than', 'northern', 'regions', '(', 'Bosa', 'et', 'al', '.,', '2020', ')', '.']",230
230,2008755081,11,"['The', 'second', 'wave', 'of', 'the', 'pandemic', 'is', 'not', 'sparing', 'southern', 'regions', ',', 'revealing', 'pre-existing', 'weaknesses', 'in', 'their', 'models', 'of', 'health', 'care', 'organisation', 'and', 'delivery', '.']",231
231,2008755081,12,"['Italy', ""'s"", 'multi-level', 'governance', 'structure', 'and', 'its', 'decentralised', 'health', 'care', 'system', 'have', 'allowed', 'local', 'governments', '(', 'both', 'regional', 'and', 'municipalities', ')', 'to', 'tailor', 'their', 'responses', 'to', 'the', 'needs', 'of', 'their', 'population', 'and', 'to', 'proactively', 'adopt', 'further', 'measures', 'as', 'required', 'by', 'the', 'epidemiological', 'development', 'of', 'the', 'COVID-19', 'outbreak', 'in', 'their', 'respective', 'areas', '.']",232
232,2008755081,13,"['However', ',', 'we', 'think', 'that', ""'"", 'this', 'pluralism', 'might', 'have', 'impeded', 'faster', 'and', 'more', 'integrated', 'responses', ',', 'and', 'may', 'have', 'fuelled', 'intergovernmental', 'tensions', ""'"", '(', 'Bosa', 'et', 'al', '.,', '2020', ')', '.']",233
233,2008755081,14,"['The', 'lack', 'of', 'a', 'brushed', 'up', 'emergency', 'plan', ',', 'the', 'mismanagement', 'of', ""'"", 'patient', '1', ""'"", 'and', 'other', 'initial', 'cases', ',', 'insufficient', 'transparency', 'in', 'communication', 'and', 'a', 'surveillance', 'system', 'initially', 'ill-suited', 'to', 'allow', 'for', 'the', 'central', 'coordination', 'of', 'the', 'national', 'emergency', ',', 'all', 'conspired', 'to', 'make', 'the', 'first', 'https://doi.org/10.1017/S1744133121000141', 'Published', 'online', 'by', 'Cambridge', 'University', 'Press', '.']",234
234,469154798,0,"['12', 'Iris', 'Bosa', 'et', 'al.']",235
235,502991222,0,"['Health', 'economics', ',', 'policy', 'and', 'Law', '3', '.']",236
236,617557877,0,"['Key', 'words', ':', 'Health', 'policy', ';', 'covid-19', ';', 'national', 'response', ';', 'Italy', '.']",237
237,859959020,0,"['5', '.']",238
238,859959020,1,"['National', 'and', 'regional', 'policy', 'responses', 'The', 'first', 'Italian', 'COVID-19', 'positive', 'patient', 'was', 'reported', 'by', 'the', 'local', 'health', 'authorities', 'in', 'Lombardy', 'in', 'Codogno', '(', 'Lodi', ')', 'on', '20th', 'February', ',', 'followed', 'by', 'a', 'number', 'of', 'additional', 'cases', 'in', 'the', 'neighbouring', 'areas', 'of', 'Emilia-Romagna', 'and', 'Veneto', '.']",239
239,859959020,2,"['On', '21st', 'February', ',', 'the', 'first', 'COVID-19', 'death', 'was', 'recorded', 'in', 'Veneto', '.']",240
240,859959020,3,"['On', '23rd', 'February', ',', 'the', 'government', 'reacted', 'by', 'introducing', 'the', 'first', 'movement', 'and', 'access', '/', 'exit', 'restrictions', 'around', 'these', 'hotspots', ',', 'known', 'as', ""'"", 'red', 'zones', ""'"", '.']",241
241,859959020,4,"['Additional', 'restrictive', 'measures', 'for', 'the', 'whole', 'of', 'Lombardy', ',', 'Veneto', ',', 'Emilia-Romagna', ',', 'Friuli-Venezia', 'Giulia', ',', 'Liguria', 'and', 'Piedmont', 'followed', 'on', '25th', 'February', '.']",242
242,859959020,5,"['Nationwide', 'closure', 'of', 'schools', 'and', 'universities', 'was', 'declared', 'on', '4th', 'March', ',', 'with', 'additional', 'social', 'distancing', 'measures', 'introduced', 'on', '9th', 'March', '.']",243
243,859959020,6,"['A', 'national', 'partial', 'lockdown', 'was', 'enforced', 'on', '11th', 'March', ',', 'affecting', 'bars', ',', 'restaurants', 'and', 'recreational', 'facilities', ',', 'and', 'culminating', 'in', 'the', 'complete', 'lockdown', 'on', '22nd', 'March', '.']",244
244,859959020,7,"['Further', 'restrictions', 'to', 'people', ""'s"", 'movements', 'were', 'introduced', 'on', '25th', 'March', ',', 'except', 'for', 'essential', 'reasons', '(', 'e.g.', 'work', ',', 'health', 'and', 'getting', 'supplies', ')', '.']",245
245,859959020,8,"['Phase', '1', 'of', 'the', 'Italian', 'response', 'to', 'the', 'emergency', 'ended', 'on', '3rd', 'May', '.']",246
246,859959020,9,"['This', 'was', 'followed', 'by', 'phase', '2', '(', '4th', 'May', 'to', '2nd', 'June', ')', 'during', 'which', 'most', 'primary', 'and', 'secondary', 'productive', 'sectors', ',', 'professionals', 'and', 'private', 'health', 'care', 'clinics', 'and', 'most', 'retail', 'shops', ',', 'businesses', 'and', 'customer', 'services', ',', 'resumed', 'activities', 'subject', 'to', 'sector-specific', 'COVID-19', 'safety', 'protocols', '(', 'DPCM', ',', '2020b', ')', '.']",247
247,859959020,10,"['Previous', 'restrictions', 'to', 'the', 'free', 'movement', 'of', 'citizens', 'were', 'lifted', ',', 'within', 'one', ""'s"", 'region', 'of', 'residence', 'only', '.']",248
248,859959020,11,"['Further', 'regulations', ',', 'relaxing', 'the', 'existing', 'lockdown', 'measures', ',', 'were', 'adopted', 'nationwide', 'and', 'locally', 'on', '17th', 'May', '(', 'DPCM', ',', '2020a', ')', '.']",249
249,859959020,12,"['At', 'this', 'stage', ',', 'a', 'key', 'role', 'was', 'played', 'by', 'the', 'Italian', 'regions', ',', 'which', 'asked', 'and', 'obtained', 'the', 'right', 'to', 'set', 'specific', 'regional', 'guidelines', '(', 'de', 'Belvis', 'et', 'al', '.,', '2020', ')', '.']",250
250,859959020,13,"['As', 'of', '3rd', 'June', ',', 'all', 'businesses', 'reopened', 'subject', 'to', 'aforementioned', 'protocols', 'and', 'social', 'distancing', 'rules', '.']",251
251,859959020,14,"['Free', 'inter-regional', 'movement', 'of', 'citizens', 'was', 'also', 'reinstated', ',', 'albeit', 'with', 'restrictions', 'on', 'foreign', 'travel', '.']",252
252,859959020,15,"['The', 'wearing', 'of', 'face-masks', '(', 'for', '<', '=', '6', 'years', ')', 'outdoors', ',', 'on', 'public', 'transport', ',', 'in', 'shop', '/', 'businesses', 'became', 'mandatory', 'as', 'well', 'as', 'keeping', 'at', 'least', '1', 'm', 'distance', '.']",253
253,859959020,16,"['Schools', 'and', 'universities', 'remained', 'closed', ',', 'but', 'provided', 'lessons', 'through', 'distance', 'learning', 'platforms', '(', 'didattica', 'a', 'distanza', ')', 'and', 'reopened', 'only', 'in', 'September', '2020', 'in', 'a', 'staggered', 'way', '.']",254
254,859959020,17,"['The', 'outbreak', 'of', 'SARS-CoV-2', 'has', 'unevenly', 'affected', 'Italian', 'regions', ',', 'with', 'a', 'clear', 'north-south', 'gradient', '.']",255
255,859959020,18,"['These', 'differences', 'are', 'mainly', 'due', 'to', 'multiple', 'independent', 'entries', 'of', 'the', 'virus', 'in', 'northern', 'Italy', ',', 'but', 'may', 'also', 'be', 'linked', 'to', 'the', 'diverse', 'set', 'of', 'policies', 'implemented', 'at', 'the', 'regional', 'level', '.']",256
256,859959020,19,"['In', 'a', 'companion', 'paper', ',', 'we', 'discuss', 'the', 'differences', 'and', 'similarities', 'of', 'the', 'Italian', 'regional', 'policy', 'responses', 'to', 'COVID-19', '.']",257
257,859959020,20,"['Similarly', 'to', 'many', 'European', 'countries', 'and', 'the', 'USA', ',', 'nursing', 'homes', '(', 'Residenza', 'Sanitaria', 'Assistenziale', ',', 'RSA', ')', 'in', 'Italy', 'were', 'particularly', 'hit', 'by', 'the', 'COVID-19', 'outburst', '(', 'Berloto', 'et', 'al', '.,', '2020', ';', 'Ravizza', ',', '2020', ')', '.']",258
258,859959020,21,"['The', 'excess', 'mortality', 'recorded', 'in', 'these', 'settings', 'seems', 'to', 'have', 'followed', 'the', 'regional', 'pattern', 'of', 'exposure', 'to', 'and', 'incidence', 'of', 'the', 'SARS-CoV-2', 'outbreak', '.']",259
259,859959020,22,"['These', 'excess', 'deaths', ',', 'flagged', 'up', 'by', 'a', 'newspaper', 'investigation', ',', 'prompted', 'the', 'ISS', 'to', 'conduct', 'a', 'targeted', 'survey', ',', 'which', 'revealed', 'that', 'an', 'average', 'of', '9.1', '%', 'of', 'all', 'nursing', 'homes', ""'"", 'residents', 'died', 'in', 'Italy', ',', 'with', 'a', 'peak', 'of', 'https://doi.org/10.1017/S1744133121000141', 'Published', 'online', 'by', 'Cambridge', 'University', 'Press', '.']",260
